[{"model": "admin.logentry", "pk": 3, "fields": {"action_time": "2023-07-21T13:44:49.657Z", "user": 4, "content_type": 6, "object_id": "8", "object_repr": "8 12344321", "action_flag": 3, "change_message": ""}}, {"model": "admin.logentry", "pk": 4, "fields": {"action_time": "2023-07-21T13:44:49.659Z", "user": 4, "content_type": 6, "object_id": "7", "object_repr": "7 424242", "action_flag": 3, "change_message": ""}}, {"model": "admin.logentry", "pk": 5, "fields": {"action_time": "2023-07-21T13:44:49.659Z", "user": 4, "content_type": 6, "object_id": "6", "object_repr": "6 13441", "action_flag": 3, "change_message": ""}}, {"model": "admin.logentry", "pk": 6, "fields": {"action_time": "2023-07-21T13:47:49.678Z", "user": 4, "content_type": 6, "object_id": "7", "object_repr": "7 12342334321", "action_flag": 3, "change_message": ""}}, {"model": "admin.logentry", "pk": 7, "fields": {"action_time": "2023-07-21T13:47:49.681Z", "user": 4, "content_type": 6, "object_id": "6", "object_repr": "6 12344321", "action_flag": 3, "change_message": ""}}, {"model": "admin.logentry", "pk": 8, "fields": {"action_time": "2023-07-21T13:47:49.683Z", "user": 4, "content_type": 6, "object_id": "5", "object_repr": "5 222", "action_flag": 3, "change_message": ""}}, {"model": "admin.logentry", "pk": 9, "fields": {"action_time": "2023-07-21T13:51:55.607Z", "user": 4, "content_type": 6, "object_id": "5", "object_repr": "5 12344321", "action_flag": 3, "change_message": ""}}, {"model": "admin.logentry", "pk": 10, "fields": {"action_time": "2023-07-21T14:03:13.309Z", "user": 4, "content_type": 6, "object_id": "5", "object_repr": "5 12344322221", "action_flag": 3, "change_message": ""}}, {"model": "admin.logentry", "pk": 11, "fields": {"action_time": "2023-07-21T14:08:19.331Z", "user": 4, "content_type": 6, "object_id": "6", "object_repr": "6 123442221321", "action_flag": 3, "change_message": ""}}, {"model": "admin.logentry", "pk": 12, "fields": {"action_time": "2023-07-21T14:08:19.333Z", "user": 4, "content_type": 6, "object_id": "5", "object_repr": "5 123443222222", "action_flag": 3, "change_message": ""}}, {"model": "admin.logentry", "pk": 13, "fields": {"action_time": "2023-07-21T14:26:45.093Z", "user": 4, "content_type": 6, "object_id": "7", "object_repr": "7 8884321", "action_flag": 3, "change_message": ""}}, {"model": "admin.logentry", "pk": 14, "fields": {"action_time": "2023-07-21T14:26:45.096Z", "user": 4, "content_type": 6, "object_id": "6", "object_repr": "6 1214564321", "action_flag": 3, "change_message": ""}}, {"model": "admin.logentry", "pk": 15, "fields": {"action_time": "2023-07-21T14:26:45.097Z", "user": 4, "content_type": 6, "object_id": "5", "object_repr": "5 474219", "action_flag": 3, "change_message": ""}}, {"model": "admin.logentry", "pk": 16, "fields": {"action_time": "2023-07-21T15:12:40.594Z", "user": 4, "content_type": 6, "object_id": "9", "object_repr": "9 1234343434321", "action_flag": 3, "change_message": ""}}, {"model": "admin.logentry", "pk": 17, "fields": {"action_time": "2023-07-21T15:12:40.595Z", "user": 4, "content_type": 6, "object_id": "8", "object_repr": "8 4567", "action_flag": 3, "change_message": ""}}, {"model": "admin.logentry", "pk": 18, "fields": {"action_time": "2023-07-21T15:12:40.596Z", "user": 4, "content_type": 6, "object_id": "7", "object_repr": "7 9977", "action_flag": 3, "change_message": ""}}, {"model": "admin.logentry", "pk": 19, "fields": {"action_time": "2023-07-21T15:12:40.596Z", "user": 4, "content_type": 6, "object_id": "6", "object_repr": "6 3344", "action_flag": 3, "change_message": ""}}, {"model": "admin.logentry", "pk": 20, "fields": {"action_time": "2023-07-21T15:12:40.597Z", "user": 4, "content_type": 6, "object_id": "5", "object_repr": "5 5242424", "action_flag": 3, "change_message": ""}}, {"model": "admin.logentry", "pk": 21, "fields": {"action_time": "2023-07-21T20:10:29.362Z", "user": 4, "content_type": 6, "object_id": "14", "object_repr": "14 9670076186", "action_flag": 2, "change_message": "[{\"changed\": {\"fields\": [\"Active\", \"User profile image\", \"Country\", \"Otp\", \"Otp expiry\", \"Max otp try\"]}}]"}}, {"model": "admin.logentry", "pk": 22, "fields": {"action_time": "2023-07-21T20:23:02.677Z", "user": 4, "content_type": 6, "object_id": "14", "object_repr": "14 9670076186", "action_flag": 2, "change_message": "[{\"changed\": {\"fields\": [\"Max otp try\"]}}]"}}, {"model": "admin.logentry", "pk": 23, "fields": {"action_time": "2023-07-24T12:39:59.909Z", "user": 4, "content_type": 6, "object_id": "14", "object_repr": "14 9670076186", "action_flag": 3, "change_message": ""}}, {"model": "admin.logentry", "pk": 24, "fields": {"action_time": "2023-07-24T13:10:27.779Z", "user": 4, "content_type": 9, "object_id": "6", "object_repr": "6 kahe man samjh na paya", "action_flag": 1, "change_message": "[{\"added\": {}}]"}}, {"model": "admin.logentry", "pk": 25, "fields": {"action_time": "2023-07-24T13:16:22.968Z", "user": 4, "content_type": 9, "object_id": "7", "object_repr": "7 kusu kusu", "action_flag": 1, "change_message": "[{\"added\": {}}]"}}, {"model": "admin.logentry", "pk": 26, "fields": {"action_time": "2023-07-24T13:16:42.951Z", "user": 4, "content_type": 9, "object_id": "8", "object_repr": "8 kaise samjhe", "action_flag": 1, "change_message": "[{\"added\": {}}]"}}, {"model": "admin.logentry", "pk": 27, "fields": {"action_time": "2023-07-24T13:17:00.505Z", "user": 4, "content_type": 9, "object_id": "9", "object_repr": "9 kabhi kabhi", "action_flag": 1, "change_message": "[{\"added\": {}}]"}}, {"model": "admin.logentry", "pk": 28, "fields": {"action_time": "2023-07-24T13:17:13.422Z", "user": 4, "content_type": 9, "object_id": "10", "object_repr": "10 kuch is tarah", "action_flag": 1, "change_message": "[{\"added\": {}}]"}}, {"model": "admin.logentry", "pk": 29, "fields": {"action_time": "2023-07-24T13:17:25.336Z", "user": 4, "content_type": 9, "object_id": "11", "object_repr": "11 kyun na hum tum", "action_flag": 1, "change_message": "[{\"added\": {}}]"}}, {"model": "admin.logentry", "pk": 30, "fields": {"action_time": "2023-07-24T15:14:39.622Z", "user": 4, "content_type": 6, "object_id": "15", "object_repr": "15 9670076186", "action_flag": 3, "change_message": ""}}, {"model": "admin.logentry", "pk": 31, "fields": {"action_time": "2023-07-25T12:50:42.556Z", "user": 4, "content_type": 6, "object_id": "16", "object_repr": "9670076186", "action_flag": 3, "change_message": ""}}, {"model": "auth.permission", "pk": 1, "fields": {"name": "Can add log entry", "content_type": 1, "codename": "add_logentry"}}, {"model": "auth.permission", "pk": 2, "fields": {"name": "Can change log entry", "content_type": 1, "codename": "change_logentry"}}, {"model": "auth.permission", "pk": 3, "fields": {"name": "Can delete log entry", "content_type": 1, "codename": "delete_logentry"}}, {"model": "auth.permission", "pk": 4, "fields": {"name": "Can view log entry", "content_type": 1, "codename": "view_logentry"}}, {"model": "auth.permission", "pk": 5, "fields": {"name": "Can add permission", "content_type": 2, "codename": "add_permission"}}, {"model": "auth.permission", "pk": 6, "fields": {"name": "Can change permission", "content_type": 2, "codename": "change_permission"}}, {"model": "auth.permission", "pk": 7, "fields": {"name": "Can delete permission", "content_type": 2, "codename": "delete_permission"}}, {"model": "auth.permission", "pk": 8, "fields": {"name": "Can view permission", "content_type": 2, "codename": "view_permission"}}, {"model": "auth.permission", "pk": 9, "fields": {"name": "Can add group", "content_type": 3, "codename": "add_group"}}, {"model": "auth.permission", "pk": 10, "fields": {"name": "Can change group", "content_type": 3, "codename": "change_group"}}, {"model": "auth.permission", "pk": 11, "fields": {"name": "Can delete group", "content_type": 3, "codename": "delete_group"}}, {"model": "auth.permission", "pk": 12, "fields": {"name": "Can view group", "content_type": 3, "codename": "view_group"}}, {"model": "auth.permission", "pk": 13, "fields": {"name": "Can add content type", "content_type": 4, "codename": "add_contenttype"}}, {"model": "auth.permission", "pk": 14, "fields": {"name": "Can change content type", "content_type": 4, "codename": "change_contenttype"}}, {"model": "auth.permission", "pk": 15, "fields": {"name": "Can delete content type", "content_type": 4, "codename": "delete_contenttype"}}, {"model": "auth.permission", "pk": 16, "fields": {"name": "Can view content type", "content_type": 4, "codename": "view_contenttype"}}, {"model": "auth.permission", "pk": 17, "fields": {"name": "Can add session", "content_type": 5, "codename": "add_session"}}, {"model": "auth.permission", "pk": 18, "fields": {"name": "Can change session", "content_type": 5, "codename": "change_session"}}, {"model": "auth.permission", "pk": 19, "fields": {"name": "Can delete session", "content_type": 5, "codename": "delete_session"}}, {"model": "auth.permission", "pk": 20, "fields": {"name": "Can view session", "content_type": 5, "codename": "view_session"}}, {"model": "auth.permission", "pk": 21, "fields": {"name": "Can add user", "content_type": 6, "codename": "add_customuser"}}, {"model": "auth.permission", "pk": 22, "fields": {"name": "Can change user", "content_type": 6, "codename": "change_customuser"}}, {"model": "auth.permission", "pk": 23, "fields": {"name": "Can delete user", "content_type": 6, "codename": "delete_customuser"}}, {"model": "auth.permission", "pk": 24, "fields": {"name": "Can view user", "content_type": 6, "codename": "view_customuser"}}, {"model": "auth.permission", "pk": 25, "fields": {"name": "Can add artist", "content_type": 7, "codename": "add_artist"}}, {"model": "auth.permission", "pk": 26, "fields": {"name": "Can change artist", "content_type": 7, "codename": "change_artist"}}, {"model": "auth.permission", "pk": 27, "fields": {"name": "Can delete artist", "content_type": 7, "codename": "delete_artist"}}, {"model": "auth.permission", "pk": 28, "fields": {"name": "Can view artist", "content_type": 7, "codename": "view_artist"}}, {"model": "auth.permission", "pk": 29, "fields": {"name": "Can add playlist", "content_type": 8, "codename": "add_playlist"}}, {"model": "auth.permission", "pk": 30, "fields": {"name": "Can change playlist", "content_type": 8, "codename": "change_playlist"}}, {"model": "auth.permission", "pk": 31, "fields": {"name": "Can delete playlist", "content_type": 8, "codename": "delete_playlist"}}, {"model": "auth.permission", "pk": 32, "fields": {"name": "Can view playlist", "content_type": 8, "codename": "view_playlist"}}, {"model": "auth.permission", "pk": 33, "fields": {"name": "Can add song", "content_type": 9, "codename": "add_song"}}, {"model": "auth.permission", "pk": 34, "fields": {"name": "Can change song", "content_type": 9, "codename": "change_song"}}, {"model": "auth.permission", "pk": 35, "fields": {"name": "Can delete song", "content_type": 9, "codename": "delete_song"}}, {"model": "auth.permission", "pk": 36, "fields": {"name": "Can view song", "content_type": 9, "codename": "view_song"}}, {"model": "auth.permission", "pk": 37, "fields": {"name": "Can add user_ liked_ songs", "content_type": 10, "codename": "add_user_liked_songs"}}, {"model": "auth.permission", "pk": 38, "fields": {"name": "Can change user_ liked_ songs", "content_type": 10, "codename": "change_user_liked_songs"}}, {"model": "auth.permission", "pk": 39, "fields": {"name": "Can delete user_ liked_ songs", "content_type": 10, "codename": "delete_user_liked_songs"}}, {"model": "auth.permission", "pk": 40, "fields": {"name": "Can view user_ liked_ songs", "content_type": 10, "codename": "view_user_liked_songs"}}, {"model": "auth.permission", "pk": 41, "fields": {"name": "Can add premium", "content_type": 11, "codename": "add_premium"}}, {"model": "auth.permission", "pk": 42, "fields": {"name": "Can change premium", "content_type": 11, "codename": "change_premium"}}, {"model": "auth.permission", "pk": 43, "fields": {"name": "Can delete premium", "content_type": 11, "codename": "delete_premium"}}, {"model": "auth.permission", "pk": 44, "fields": {"name": "Can view premium", "content_type": 11, "codename": "view_premium"}}, {"model": "auth.permission", "pk": 45, "fields": {"name": "Can add podcast", "content_type": 12, "codename": "add_podcast"}}, {"model": "auth.permission", "pk": 46, "fields": {"name": "Can change podcast", "content_type": 12, "codename": "change_podcast"}}, {"model": "auth.permission", "pk": 47, "fields": {"name": "Can delete podcast", "content_type": 12, "codename": "delete_podcast"}}, {"model": "auth.permission", "pk": 48, "fields": {"name": "Can view podcast", "content_type": 12, "codename": "view_podcast"}}, {"model": "auth.permission", "pk": 49, "fields": {"name": "Can add album", "content_type": 13, "codename": "add_album"}}, {"model": "auth.permission", "pk": 50, "fields": {"name": "Can change album", "content_type": 13, "codename": "change_album"}}, {"model": "auth.permission", "pk": 51, "fields": {"name": "Can delete album", "content_type": 13, "codename": "delete_album"}}, {"model": "auth.permission", "pk": 52, "fields": {"name": "Can view album", "content_type": 13, "codename": "view_album"}}, {"model": "auth.permission", "pk": 53, "fields": {"name": "Can add Token", "content_type": 14, "codename": "add_token"}}, {"model": "auth.permission", "pk": 54, "fields": {"name": "Can change Token", "content_type": 14, "codename": "change_token"}}, {"model": "auth.permission", "pk": 55, "fields": {"name": "Can delete Token", "content_type": 14, "codename": "delete_token"}}, {"model": "auth.permission", "pk": 56, "fields": {"name": "Can view Token", "content_type": 14, "codename": "view_token"}}, {"model": "auth.permission", "pk": 57, "fields": {"name": "Can add token", "content_type": 15, "codename": "add_tokenproxy"}}, {"model": "auth.permission", "pk": 58, "fields": {"name": "Can change token", "content_type": 15, "codename": "change_tokenproxy"}}, {"model": "auth.permission", "pk": 59, "fields": {"name": "Can delete token", "content_type": 15, "codename": "delete_tokenproxy"}}, {"model": "auth.permission", "pk": 60, "fields": {"name": "Can view token", "content_type": 15, "codename": "view_tokenproxy"}}, {"model": "contenttypes.contenttype", "pk": 1, "fields": {"app_label": "admin", "model": "logentry"}}, {"model": "contenttypes.contenttype", "pk": 2, "fields": {"app_label": "auth", "model": "permission"}}, {"model": "contenttypes.contenttype", "pk": 3, "fields": {"app_label": "auth", "model": "group"}}, {"model": "contenttypes.contenttype", "pk": 4, "fields": {"app_label": "contenttypes", "model": "contenttype"}}, {"model": "contenttypes.contenttype", "pk": 5, "fields": {"app_label": "sessions", "model": "session"}}, {"model": "contenttypes.contenttype", "pk": 6, "fields": {"app_label": "api", "model": "customuser"}}, {"model": "contenttypes.contenttype", "pk": 7, "fields": {"app_label": "api", "model": "artist"}}, {"model": "contenttypes.contenttype", "pk": 8, "fields": {"app_label": "api", "model": "playlist"}}, {"model": "contenttypes.contenttype", "pk": 9, "fields": {"app_label": "api", "model": "song"}}, {"model": "contenttypes.contenttype", "pk": 10, "fields": {"app_label": "api", "model": "user_liked_songs"}}, {"model": "contenttypes.contenttype", "pk": 11, "fields": {"app_label": "api", "model": "premium"}}, {"model": "contenttypes.contenttype", "pk": 12, "fields": {"app_label": "api", "model": "podcast"}}, {"model": "contenttypes.contenttype", "pk": 13, "fields": {"app_label": "api", "model": "album"}}, {"model": "contenttypes.contenttype", "pk": 14, "fields": {"app_label": "authtoken", "model": "token"}}, {"model": "contenttypes.contenttype", "pk": 15, "fields": {"app_label": "authtoken", "model": "tokenproxy"}}, {"model": "sessions.session", "pk": "1uaez4f32yias0qtcm6bu098ek6g0f1f", "fields": {"session_data": ".eJxVjMsOwiAQRf-FtSHtQHm4dO83EJgZpGogKe3K-O_apAvd3nPOfYkQt7WErfMSZhJnocXpd0sRH1x3QPdYb01iq-syJ7kr8qBdXhvx83K4fwcl9vKtvR_dwA6y9U4bxGlUNruEZsop26yVJ9LMGiA6UEygvAEAtAw4JAPi_QHWiTeO:1qNxdC:XrX0lasZ6DeylW5YEphvUFvNnlFbDvqQdFMK-bIsO_8", "expire_date": "2023-08-07T15:37:54.546Z"}}, {"model": "sessions.session", "pk": "o31k1edmtxnacpeibmuyw7x34zujtw2f", "fields": {"session_data": ".eJxVjEsOwiAUAO_C2pDHp3xcuu8ZyAMeUjU0Ke3KeHdD0oVuZybzZgGPvYaj0xaWzK5Msssvi5ie1IbID2z3lae17dsS-Uj4aTuf10yv29n-DSr2OrYWnfDWKmeMxgg4ZaKiikDK0SvhfLFeJm8B9ATGQSRZ0GiRAJSUln2-0uo3Eg:1qMCH1:KJWMnM9zkPlXadNu3V_D8jXGhOkqCzy7JDIAO0i-74g", "expire_date": "2023-08-02T18:51:43.140Z"}}, {"model": "sessions.session", "pk": "yd0kxk8p6yw1iuxpx1f0cwce0im7lw8e", "fields": {"session_data": ".eJxVjMsOwiAQRf-FtSHtQHm4dO83EJgZpGogKe3K-O_apAvd3nPOfYkQt7WErfMSZhJnocXpd0sRH1x3QPdYb01iq-syJ7kr8qBdXhvx83K4fwcl9vKtvR_dwA6y9U4bxGlUNruEZsop26yVJ9LMGiA6UEygvAEAtAw4JAPi_QHWiTeO:1qNxvD:yfJPLEsqmJzM52ZA6E45jIqXIwFpEefzBmgJyt8cOj0", "expire_date": "2023-08-07T15:56:31.681Z"}}, {"model": "api.customuser", "pk": 2, "fields": {"last_login": "2023-07-19T18:51:43.138Z", "is_superuser": true, "first_name": "", "last_name": "", "is_staff": true, "is_active": true, "date_joined": "2023-07-19T18:50:11.224Z", "password": "pbkdf2_sha256$600000$FCjawf6WvBYEhBOPMIwRLo$UsoGVf26My9oivnhiop+maodo99MZ+GwLugpyXjgUQs=", "phone_number": "456", "email": "", "user_profile_image": "", "country": "", "otp_expiry": null, "max_otp_try": "3", "otp_max_out": null, "verification_status": false, "groups": [], "user_permissions": []}}, {"model": "api.customuser", "pk": 3, "fields": {"last_login": null, "is_superuser": false, "first_name": "", "last_name": "", "is_staff": false, "is_active": true, "date_joined": "2023-07-19T19:37:46.803Z", "password": "ASHU", "phone_number": "0011", "email": "", "user_profile_image": "profile/WhatsApp_Image_2023-07-07_at_21.50.24.jpeg", "country": "India", "otp_expiry": null, "max_otp_try": "3", "otp_max_out": null, "verification_status": false, "groups": [], "user_permissions": []}}, {"model": "api.customuser", "pk": 4, "fields": {"last_login": "2023-07-24T15:56:31.680Z", "is_superuser": true, "first_name": "", "last_name": "", "is_staff": true, "is_active": true, "date_joined": "2023-07-19T19:38:30.186Z", "password": "pbkdf2_sha256$600000$79fw1EJMVYGrB2eUMvqqg0$amjWZ1xgyhJEm3oXtEcPsqNk9kka/mCxyUuD1CGao5E=", "phone_number": "111", "email": "", "user_profile_image": "", "country": "", "otp_expiry": null, "max_otp_try": "3", "otp_max_out": null, "verification_status": false, "groups": [], "user_permissions": []}}, {"model": "api.customuser", "pk": 5, "fields": {"last_login": null, "is_superuser": false, "first_name": "", "last_name": "", "is_staff": false, "is_active": true, "date_joined": "2023-07-21T15:13:02.652Z", "password": "", "phone_number": "133444321", "email": "", "user_profile_image": "", "country": "", "otp_expiry": null, "max_otp_try": "3", "otp_max_out": null, "verification_status": false, "groups": [], "user_permissions": []}}, {"model": "api.customuser", "pk": 6, "fields": {"last_login": null, "is_superuser": false, "first_name": "", "last_name": "", "is_staff": false, "is_active": true, "date_joined": "2023-07-21T15:15:00.477Z", "password": "", "phone_number": "1234242424321", "email": "", "user_profile_image": "", "country": "", "otp_expiry": null, "max_otp_try": "3", "otp_max_out": null, "verification_status": false, "groups": [], "user_permissions": []}}, {"model": "api.customuser", "pk": 7, "fields": {"last_login": null, "is_superuser": false, "first_name": "", "last_name": "", "is_staff": false, "is_active": true, "date_joined": "2023-07-21T15:17:47.046Z", "password": "", "phone_number": "12333344321", "email": "", "user_profile_image": "", "country": "", "otp_expiry": null, "max_otp_try": "3", "otp_max_out": null, "verification_status": false, "groups": [], "user_permissions": []}}, {"model": "api.customuser", "pk": 8, "fields": {"last_login": null, "is_superuser": false, "first_name": "", "last_name": "", "is_staff": false, "is_active": true, "date_joined": "2023-07-21T15:19:03.227Z", "password": "pbkdf2_sha256$600000$9VpqcAWOy7eIfKXow4vRe6$lJWgFqjwzPEnVjeSLSVf1f5UPX4n2GI4pPVd0ZfBkXs=", "phone_number": "1234334321", "email": "", "user_profile_image": "", "country": "", "otp_expiry": null, "max_otp_try": "3", "otp_max_out": null, "verification_status": false, "groups": [], "user_permissions": []}}, {"model": "api.customuser", "pk": 9, "fields": {"last_login": "2023-07-21T15:23:25.843Z", "is_superuser": false, "first_name": "", "last_name": "", "is_staff": false, "is_active": true, "date_joined": "2023-07-21T15:20:46.495Z", "password": "pbkdf2_sha256$600000$Z0WyhtFL8JHX7b6uNVIu4U$m7GBkl78apjETxjMyYDssTIGpbTsF8Ul7GT7uMx12/Q=", "phone_number": "123443267771", "email": "", "user_profile_image": "", "country": "", "otp_expiry": null, "max_otp_try": "3", "otp_max_out": null, "verification_status": false, "groups": [], "user_permissions": []}}, {"model": "api.customuser", "pk": 10, "fields": {"last_login": null, "is_superuser": false, "first_name": "", "last_name": "", "is_staff": false, "is_active": true, "date_joined": "2023-07-21T17:44:02.153Z", "password": "pbkdf2_sha256$600000$w1qSU8O68q8zm564iyWau6$2nwFaOcsxzRYeJBlhtZzTwWHPCsjeCAWaBbDKQspiD4=", "phone_number": "123456789", "email": "", "user_profile_image": "", "country": "", "otp_expiry": null, "max_otp_try": "3", "otp_max_out": null, "verification_status": false, "groups": [], "user_permissions": []}}, {"model": "api.customuser", "pk": 11, "fields": {"last_login": null, "is_superuser": false, "first_name": "", "last_name": "", "is_staff": false, "is_active": true, "date_joined": "2023-07-21T17:48:39.536Z", "password": "pbkdf2_sha256$600000$Im4mU7gbFwqqaJxlLq5FsM$GxTrv5GJacYkDJecu06wIcRc7JolNDQnD4tN4VXOfG4=", "phone_number": "12345678910", "email": "", "user_profile_image": "", "country": "", "otp_expiry": null, "max_otp_try": "3", "otp_max_out": null, "verification_status": false, "groups": [], "user_permissions": []}}, {"model": "api.customuser", "pk": 12, "fields": {"last_login": null, "is_superuser": true, "first_name": "", "last_name": "", "is_staff": true, "is_active": true, "date_joined": "2023-07-21T19:48:22.130Z", "password": "pbkdf2_sha256$600000$pZhBojgGXDFM8ouniQ9nix$WfRshtm+dOkYD7xQg8dK8i6E0n7pbD//UmauUtLSWPo=", "phone_number": "9876543210", "email": null, "user_profile_image": "", "country": "", "otp_expiry": null, "max_otp_try": "3", "otp_max_out": null, "verification_status": false, "groups": [], "user_permissions": []}}, {"model": "api.customuser", "pk": 13, "fields": {"last_login": null, "is_superuser": false, "first_name": "", "last_name": "", "is_staff": false, "is_active": true, "date_joined": "2023-07-21T19:57:22.378Z", "password": "pbkdf2_sha256$600000$9ESnVydwdSwjk2NyPPtcxR$osdElh5/vNriooYZ63Iyqsp6FWmE/8AeWVZeUMrdkLA=", "phone_number": "98765432187", "email": "ashubajpai051@gmail.com", "user_profile_image": "", "country": "", "otp_expiry": "2023-07-21T20:11:00.295Z", "max_otp_try": "2", "otp_max_out": null, "verification_status": false, "groups": [], "user_permissions": []}}, {"model": "api.customuser", "pk": 17, "fields": {"last_login": null, "is_superuser": false, "first_name": "", "last_name": "", "is_staff": false, "is_active": true, "date_joined": "2023-07-24T16:07:26.575Z", "password": "pbkdf2_sha256$600000$JXC3XvhSvqk1EC0tI7VceH$9yaXqHDt7mRdFdcM156HlJhfbyK2dMOVgHa6IB8ZGV0=", "phone_number": "13131313131", "email": "ashubajpai161@gmail.com", "user_profile_image": "", "country": "", "otp_expiry": "2023-07-24T16:17:26.575Z", "max_otp_try": "3", "otp_max_out": null, "verification_status": false, "groups": [], "user_permissions": []}}, {"model": "api.customuser", "pk": 18, "fields": {"last_login": null, "is_superuser": false, "first_name": "", "last_name": "", "is_staff": false, "is_active": true, "date_joined": "2023-07-24T16:08:15.248Z", "password": "pbkdf2_sha256$600000$9cRsYBE4GeqRkc1aDzG9Xz$/gjjkiAdYjGzqa4tt+UYAvxBQM5OrtzcGPET11CPgnQ=", "phone_number": "1313131311", "email": "ashubajpai161@gmail.com", "user_profile_image": "", "country": "", "otp_expiry": "2023-07-24T16:18:15.247Z", "max_otp_try": "3", "otp_max_out": null, "verification_status": false, "groups": [], "user_permissions": []}}, {"model": "api.customuser", "pk": 19, "fields": {"last_login": null, "is_superuser": false, "first_name": "", "last_name": "", "is_staff": false, "is_active": true, "date_joined": "2023-07-24T16:10:30.001Z", "password": "pbkdf2_sha256$600000$Lzsv2aWMg9GbsurnmhCPGA$Xs77xJuDgnO9x/fXXJvu+2GN3u/u8dv8v5V4/TF/3GM=", "phone_number": "6666666666", "email": "ashubajpai161@gmail.com", "user_profile_image": "", "country": "", "otp_expiry": "2023-07-24T16:20:30.001Z", "max_otp_try": "3", "otp_max_out": null, "verification_status": false, "groups": [], "user_permissions": []}}, {"model": "api.customuser", "pk": 20, "fields": {"last_login": null, "is_superuser": false, "first_name": "", "last_name": "", "is_staff": false, "is_active": true, "date_joined": "2023-07-24T16:12:07.175Z", "password": "pbkdf2_sha256$600000$sfCYJvn9BJO86cdwRFiB1c$45h2UPiqhLoD4MuqYNdjvyNPTN6GtC4qNNeLFFyu278=", "phone_number": "6666666664", "email": "ashubajpai161@gmail.com", "user_profile_image": "", "country": "", "otp_expiry": "2023-07-24T16:22:07.175Z", "max_otp_try": "3", "otp_max_out": null, "verification_status": false, "groups": [], "user_permissions": []}}, {"model": "api.customuser", "pk": 21, "fields": {"last_login": null, "is_superuser": false, "first_name": "", "last_name": "", "is_staff": false, "is_active": true, "date_joined": "2023-07-25T12:52:37.638Z", "password": "pbkdf2_sha256$600000$YdUdb6EXg2mgiow8sDCEaF$lMGMaXSK9iv0pANW5IGgtF3lWruQMPvuEodYIpkCrsM=", "phone_number": "9670076186", "email": "ashubajpai161@gmail.com", "user_profile_image": "", "country": "", "otp_expiry": null, "max_otp_try": "3", "otp_max_out": null, "verification_status": true, "groups": [], "user_permissions": []}}, {"model": "api.premium", "pk": 7, "fields": {"premium_type": "basic", "premium_active": true, "user": 2}}, {"model": "api.premium", "pk": 8, "fields": {"premium_type": "standard", "premium_active": true, "user": 3}}, {"model": "api.premium", "pk": 9, "fields": {"premium_type": "basic", "premium_active": true, "user": 4}}, {"model": "api.premium", "pk": 10, "fields": {"premium_type": "basic", "premium_active": false, "user": 5}}, {"model": "api.premium", "pk": 11, "fields": {"premium_type": "standard", "premium_active": true, "user": 9}}, {"model": "api.premium", "pk": 12, "fields": {"premium_type": "elite", "premium_active": true, "user": 12}}, {"model": "api.artist", "pk": -2, "fields": {"artist_name": "Taylor Swift", "artist_bio": "Cruel Summer"}}, {"model": "api.artist", "pk": 1, "fields": {"artist_name": "Shwan Mendes", "artist_bio": "Treating you better"}}, {"model": "api.album", "pk": 1, "fields": {"album_name": "Haze", "artist": [1]}}, {"model": "api.album", "pk": 2, "fields": {"album_name": "HArleys in Hawai", "artist": [1]}}, {"model": "api.song", "pk": 2, "fields": {"album": 1, "song_name": "ik varri ha", "song_duration": 3.0, "artist": [-2], "liked_by": []}}, {"model": "api.song", "pk": 3, "fields": {"album": 1, "song_name": "asdada", "song_duration": 4.54, "artist": [], "liked_by": [2]}}, {"model": "api.song", "pk": 4, "fields": {"album": 2, "song_name": "onetowthreefour", "song_duration": 34.2, "artist": [], "liked_by": [3]}}, {"model": "api.song", "pk": 5, "fields": {"album": 2, "song_name": "kuch kuch keh rha hai dimag mera", "song_duration": 69.69, "artist": [], "liked_by": []}}, {"model": "api.song", "pk": 6, "fields": {"album": 1, "song_name": "kahe man samjh na paya", "song_duration": 4.5, "artist": [-2], "liked_by": [7]}}, {"model": "api.song", "pk": 7, "fields": {"album": 1, "song_name": "kusu kusu", "song_duration": 1.2, "artist": [-2], "liked_by": [6]}}, {"model": "api.song", "pk": 8, "fields": {"album": 2, "song_name": "kaise samjhe", "song_duration": 3.3, "artist": [-2], "liked_by": [12]}}, {"model": "api.song", "pk": 9, "fields": {"album": 1, "song_name": "kabhi kabhi", "song_duration": 0.4, "artist": [-2], "liked_by": [10]}}, {"model": "api.song", "pk": 10, "fields": {"album": 1, "song_name": "kuch is tarah", "song_duration": 3.32, "artist": [1], "liked_by": [3]}}, {"model": "api.song", "pk": 11, "fields": {"album": 2, "song_name": "kyun na hum tum", "song_duration": 3.2, "artist": [1], "liked_by": [5]}}, {"model": "api.playlist", "pk": 1, "fields": {"playlist_name": "sweety tera pyar chahida", "user": [3], "song": [3, 4]}}, {"model": "api.playlist", "pk": 2, "fields": {"playlist_name": "hey i am changin the name and soings", "user": [4], "song": [4, 5, 7]}}, {"model": "api.playlist", "pk": 3, "fields": {"playlist_name": "heyheyheyeyebuyhgua", "user": [3], "song": [3]}}, {"model": "api.playlist", "pk": 5, "fields": {"playlist_name": "somewhere in abyss hell", "user": [3], "song": [3]}}, {"model": "api.playlist", "pk": 7, "fields": {"playlist_name": "call with tushar", "user": [], "song": [4, 6]}}, {"model": "api.playlist", "pk": 8, "fields": {"playlist_name": "koi tonuser ho", "user": [], "song": [4, 6, 8]}}, {"model": "api.podcast", "pk": 1, "fields": {"podcast_name": "Anmolraina Khali Podcat", "podcast_duration": 30.0, "artist": [1]}}, {"model": "api.podcast", "pk": 2, "fields": {"podcast_name": "satyam ki podacst", "podcast_duration": 2.0, "artist": [1]}}, {"model": "authtoken.token", "pk": "34a119834cace2998cabf0b6447abb0bb797e917", "fields": {"user": 10, "created": "2023-07-21T17:44:02.418Z"}}, {"model": "authtoken.token", "pk": "cf30b9e3428a4f583cc2284d6f911aacec666c24", "fields": {"user": 11, "created": "2023-07-21T17:48:39.813Z"}}, {"model": "authtoken.token", "pk": "e59782399a23fb3c3cbf8b4b6451d3bde5f579dc", "fields": {"user": 9, "created": "2023-07-21T15:20:46.760Z"}}]